,Ttile,Summmary,DateTime,URL
1,"Markets Live: Sensex surges 1,800 pts, Nifty reclaims 8,300; RIL surges most in over a decade","The most active stocks include Axis Bank, Reliance Industries, HDFC, HDFC Bank and ICICI Bank.",2020-03-25T07:33:00Z,https://www.news.google.com/./articles/CBMijAFodHRwczovL3d3dy5tb25leWNvbnRyb2wuY29tL25ld3MvYnVzaW5lc3MvbWFya2V0cy9kLXN0cmVldC1idXp6LWF1dG8tc3RvY2tzLXJhbGx5LWxlZC1ieS1tYXJ1dGktYXhpcy1iYW5rLWJoYXJ0aS1haXJ0ZWwtanVtcC05LTUwNzEwMzEuaHRtbNIBkAFodHRwczovL3d3dy5tb25leWNvbnRyb2wuY29tL25ld3MvYnVzaW5lc3MvbWFya2V0cy9kLXN0cmVldC1idXp6LWF1dG8tc3RvY2tzLXJhbGx5LWxlZC1ieS1tYXJ1dGktYXhpcy1iYW5rLWJoYXJ0aS1haXJ0ZWwtanVtcC05LTUwNzEwMzEuaHRtbC9hbXA?hl=en-IN&gl=IN&ceid=IN%3Aen
2,"Coronavirus Lockdown: Amazon Stops Taking New Orders, Flipkart Suspends Services","India coronavirus lockdown: Flipkart said it will ""evaluate how to get supply chains back",2020-03-25T08:25:55Z,https://www.news.google.com/./articles/CAIiEJlS1axRVl6L70exv2fhTTgqGQgEKhAIACoHCAowj8n_CjDIrfkCMNKc6AU?hl=en-IN&gl=IN&ceid=IN%3Aen
3,How will India lockdown play out for economy & markets: 4 scenarios,"Pegging the cost of the COVID-19 lockdown at $120 billion (approximately Rs 9 lakh crore) or 4 percent of the GDP, analysts on Wednesday sharply cut their ...",2020-03-25T07:25:28Z,https://www.news.google.com/./articles/CAIiELhkxJFAv7cKrWAi2VzoTdIqFwgEKg8IACoHCAow5v6PATDrwA8wzuge?hl=en-IN&gl=IN&ceid=IN%3Aen
4,None,None,None,None
5,"Reliance to pay twice to those employees who earn below ₹30,000",The Mukesh Ambani-led conglomerate issued a statement where it said that all employees who are earning below Rs 30000 per month will be paid twice a ...,2020-03-25T07:24:01Z,https://www.news.google.com/./articles/CAIiEM8T7tNaCjDrCX2JX8ajpoYqGQgEKhAIACoHCAowv9f9CjCs1fUCMNfb8wU?hl=en-IN&gl=IN&ceid=IN%3Aen
6,Coronavirus Pandemic: SIAM Welcomes Finance Minister's New Announcements For Relaxation Of Norms,India Business News: The closure of manufacturing plants by various automakers and component manufacturers due to coronavirus pandemic would lead to a ...,2020-03-24T22:43:49Z,https://www.news.google.com/./articles/CAIiEPKr2JYRZLyR4p4-phkReCgqGQgEKhAIACoHCAowzrL9CjDC7vQCMJCT1wU?hl=en-IN&gl=IN&ceid=IN%3Aen
7,"Jeff Bezos, Larry Fink, and other top US execs dodged $1.9 billion in losses by selling their own stock as the",play_arrow,2020-03-23T23:36:55Z,https://www.news.google.com/./articles/CAIiEJmvybEmw9CBxiIrgWZUAm4qGQgEKhAIACoHCAow2Nb3CjDivdcCMP3ungY?hl=en-IN&gl=IN&ceid=IN%3Aen
8,None,None,None,None
9,"Reliance Jio offers free internet; Airtel, Voda-Idea promise normal internet for work from home needs","Vodafone, Airtel and Reliance Jio have come up with some great set of internet plans that surprisingly don't cost a fortune.",2020-03-25T03:52:09Z,https://www.news.google.com/./articles/CAIiEJHMIxm3tBulEDrC8kV3pq4qGQgEKhAIACoHCAowot7cCjD8xM4BMJTu8gU?hl=en-IN&gl=IN&ceid=IN%3Aen
10,"Rupee rises against US dollar, a day after hitting record low","Fitch Solutions on Tuesday revised down its forecast for the Indian rupee, saying the currency will average 77 per US dollar in 2020 and 80 in 2021 amid ...",2020-03-24T09:24:25Z,https://www.news.google.com/./articles/CBMijgFodHRwczovL3d3dy5kZWNjYW5oZXJhbGQuY29tL2J1c2luZXNzL2J1c2luZXNzLW5ld3MvaW5kaWFuLXJ1cGVlLXRvLWF2ZXJhZ2UtYXQtNzctcGVyLXVzLWRvbGxhci1pbi0yMDIwLTgwLWluLTIwMjEtZml0Y2gtc29sdXRpb25zLTgxNzE0My5odG1s0gGSAWh0dHBzOi8vd3d3LmRlY2NhbmhlcmFsZC5jb20vYW1wL2J1c2luZXNzL2J1c2luZXNzLW5ld3MvaW5kaWFuLXJ1cGVlLXRvLWF2ZXJhZ2UtYXQtNzctcGVyLXVzLWRvbGxhci1pbi0yMDIwLTgwLWluLTIwMjEtZml0Y2gtc29sdXRpb25zLTgxNzE0My5odG1s?hl=en-IN&gl=IN&ceid=IN%3Aen
11,YouTube to limit video quality globally for a month,Last week we got word that YouTube was planning on defaulting all videos to SD (standard definition) aka 480p in Europe because apparently networks can't ...,2020-03-25T03:12:02Z,https://www.news.google.com/./articles/CBMib2h0dHBzOi8vd3d3LmdzbWFyZW5hLmNvbS95b3V0dWJlX3dpbGxfZGVmYXVsdF90b19zdGFuZGFyZF9kZWZpbml0aW9uX3ZpZGVvX3dvcmxkd2lkZV9mb3JfYV9tb250aC1uZXdzLTQyMjIwLnBocNIBbGh0dHBzOi8vbS5nc21hcmVuYS5jb20veW91dHViZV93aWxsX2RlZmF1bHRfdG9fc3RhbmRhcmRfZGVmaW5pdGlvbl92aWRlb193b3JsZHdpZGVfZm9yX2FfbW9udGgtYW1wLTQyMjIwLnBocA?hl=en-IN&gl=IN&ceid=IN%3Aen
12,TCS Provides Access To Free Digital Education,Mumbai | Bengaluru: CEOs of India's top two IT services firms took to social media and their websites on Tuesday to explain why some of their employees are ...,2020-03-25T03:19:00Z,https://www.news.google.com/./articles/CBMikQFodHRwczovL2Vjb25vbWljdGltZXMuaW5kaWF0aW1lcy5jb20vdGVjaC9pdGVzL2l0LWNvbXBhbmllcy1wb3dlci1jcml0aWNhbC1zZXJ2aWNlcy1jYW50LWxldC1hbGwtd29yay1mcm9tLWhvbWUtc2F5LWNlb3MvYXJ0aWNsZXNob3cvNzQ4MDIzNDEuY21z0gGMAWh0dHBzOi8vbS5lY29ub21pY3RpbWVzLmNvbS90ZWNoL2l0ZXMvaXQtY29tcGFuaWVzLXBvd2VyLWNyaXRpY2FsLXNlcnZpY2VzLWNhbnQtbGV0LWFsbC13b3JrLWZyb20taG9tZS1zYXktY2Vvcy9hbXBfYXJ0aWNsZXNob3cvNzQ4MDIzNDEuY21z?hl=en-IN&gl=IN&ceid=IN%3Aen
13,"Gold price today: Yellow metal drops over 1%; support placed near 40,850","Gold prices in India fell sharply today, snapping a three-day gain as the country goes into a 21-day lockdown. On MCX, gold futures were down 0.8% to ₹41,039 ...",2020-03-25T03:46:18Z,https://www.news.google.com/./articles/CBMibmh0dHBzOi8vd3d3LmxpdmVtaW50LmNvbS9uZXdzL2luZGlhL2dvbGQtcHJpY2VzLXRvZGF5LWZhbGwtc2hhcnBseS1hZnRlci1yaXNpbmctZm9yLTMtZGF5cy0xMTU4NTEwNDEyNjIzOS5odG1s0gFyaHR0cHM6Ly93d3cubGl2ZW1pbnQuY29tL25ld3MvaW5kaWEvZ29sZC1wcmljZXMtdG9kYXktZmFsbC1zaGFycGx5LWFmdGVyLXJpc2luZy1mb3ItMy1kYXlzL2FtcC0xMTU4NTEwNDEyNjIzOS5odG1s?hl=en-IN&gl=IN&ceid=IN%3Aen
14,"Stock Markets LATEST Updates: Markets rebound, end in green; Infosys, Adani Ports, HUL among major gainers","Tracking strong global cues, the Indian market started off on a positive note but then witnessed profit-taking. The news about the finance minister holding a press ...",2020-03-24T13:21:00Z,https://www.news.google.com/./articles/CBMihAFodHRwczovL3d3dy5tb25leWNvbnRyb2wuY29tL25ld3MvYnVzaW5lc3MvbWFya2V0cy90YWtpbmctc3RvY2stZm0tY29tbWVudHMtc29vdGhlLW5lcnZlcy1uaWZ0eS1vZmYtaGlnaC1idXQtaG9sZHMtNzgwMC01MDY3OTYxLmh0bWzSAYgBaHR0cHM6Ly93d3cubW9uZXljb250cm9sLmNvbS9uZXdzL2J1c2luZXNzL21hcmtldHMvdGFraW5nLXN0b2NrLWZtLWNvbW1lbnRzLXNvb3RoZS1uZXJ2ZXMtbmlmdHktb2ZmLWhpZ2gtYnV0LWhvbGRzLTc4MDAtNTA2Nzk2MS5odG1sL2FtcA?hl=en-IN&gl=IN&ceid=IN%3Aen
15,Dow soars over 11% in strongest one-day performance since 1933,"At the close, the Dow Jones Industrial Average had risen by 11.4 percent to 20,704.91",2020-03-24T21:52:35Z,https://www.news.google.com/./articles/CAIiEFkkRLRTa5rs63AMbr6YRuAqGQgEKhAIACoHCAowj8n_CjDIrfkCMNCf6AU?hl=en-IN&gl=IN&ceid=IN%3Aen
16,"RIL, 5 sectors to gain from the sharp fall in oil prices",Investing.com - Oil prices rallied Tuesday morning in Asia as the U.S. indicated the possibility of an alliance with Saudi Arabia to stabilise prices. International ...,2020-03-24T03:09:00Z,https://www.news.google.com/./articles/CBMiYGh0dHBzOi8vd3d3LmludmVzdGluZy5jb20vbmV3cy9jb21tb2RpdGllcy1uZXdzL29pbHByaWNlc3Jpc2Utb25wb3NzaWJsZS11c3NhdWRpYWxsaWFuY2UtMjExOTM1OdIBAA?hl=en-IN&gl=IN&ceid=IN%3Aen
17,Coronavirus in India: Online grocery firms aim for smoother deliveries amid lockdown,"On day one of the three-week national lockdown announced by India in the wake of the coronavirus pandemic, online grocery retailers were mostly shut in spite ...",2020-03-25T04:28:30Z,https://www.news.google.com/./articles/CAIiELKGFzte-Kd3ZxuQcQdppYYqGQgEKhAIACoHCAowkZHwCjCiyLcCMJf4hQM?hl=en-IN&gl=IN&ceid=IN%3Aen
18,Life in China resumes to normalcy while rest of the world’s coronavirus fight continues,"While much of the world's output is grinding to a halt because of the coronavirus, China is slowly emerging from its shutdowns by restarting production at ...",2020-03-25T05:50:14Z,https://www.news.google.com/./articles/CAIiEKY_s8VbD9JnoNKBbhO_m_4qGQgEKhAIACoHCAow2pqGCzD954MDMMLNigY?hl=en-IN&gl=IN&ceid=IN%3Aen
19,"L&T Mutual Fund launches Nifty50, Nifty Next50 index funds; should you invest?","As stock valuations have fallen to multi-year lows after a brisk, across-the-board selloff, there could not be a better time to buy stocks for long-term investment.",2020-03-25T04:23:22Z,https://www.news.google.com/./articles/CAIiELluvhztqvxjAXh0F0QztLkqGQgEKhAIACoHCAow2pqGCzD954MDMJzyigY?hl=en-IN&gl=IN&ceid=IN%3Aen
20,US SEC clears Infosys in whistleblower case,"Even after the 12% rally in its shares on Tuesday, stock still trades at 14 times forward earnings, a 12% discount to TCS.At the beginning of February, Infosys ...",2020-03-24T17:39:28Z,https://www.news.google.com/./articles/CBMihgFodHRwczovL3d3dy5saXZlbWludC5jb20vbWFya2V0L21hcmstdG8tbWFya2V0L3dpdGgtc2VjLWludmVzdGlnYXRpb24tYmVoaW5kLWl0LWludmVzdG9ycy13YXJtLXVwLXRvLWluZm9zeXMtc3RvY2stMTE1ODUwNzEwOTkxMDguaHRtbNIBigFodHRwczovL3d3dy5saXZlbWludC5jb20vbWFya2V0L21hcmstdG8tbWFya2V0L3dpdGgtc2VjLWludmVzdGlnYXRpb24tYmVoaW5kLWl0LWludmVzdG9ycy13YXJtLXVwLXRvLWluZm9zeXMtc3RvY2svYW1wLTExNTg1MDcxMDk5MTA4Lmh0bWw?hl=en-IN&gl=IN&ceid=IN%3Aen
21,"Stocks to Watch: Yes Bank, Indiabulls Housing, Federal Bank, Fortis Healthcare",Yes Bank share price hit 15 percent lower circuit in the morning trade on BSE on March 25 even though a day earlier ICRA upgraded the stock's bonds and ...,2020-03-25T05:02:00Z,https://www.news.google.com/./articles/CBMigAFodHRwczovL3d3dy5tb25leWNvbnRyb2wuY29tL25ld3MvYnVzaW5lc3MvbWFya2V0cy9pY3JhLXVwZ3JhZGUtb2YtbGl0dGxlLWhlbHAteWVzLWJhbmstc2hhcmVzLWhpdC0xNS1sb3dlci1jaXJjdWl0LTUwNzA1NzEuaHRtbNIBhAFodHRwczovL3d3dy5tb25leWNvbnRyb2wuY29tL25ld3MvYnVzaW5lc3MvbWFya2V0cy9pY3JhLXVwZ3JhZGUtb2YtbGl0dGxlLWhlbHAteWVzLWJhbmstc2hhcmVzLWhpdC0xNS1sb3dlci1jaXJjdWl0LTUwNzA1NzEuaHRtbC9hbXA?hl=en-IN&gl=IN&ceid=IN%3Aen
22,Asia markets rise after US stimulus package agreed,Asian Markets Surge as US Reaches Deal on Blockbuster $3 Trillion Stimulus Package,2020-03-25T06:54:29Z,https://www.news.google.com/./articles/CAIiEOQJsWwIL4lUq-6wvG0-_H0qGQgEKhAIACoHCAow5qqNCzD4q58DMJahzgY?hl=en-IN&gl=IN&ceid=IN%3Aen
23,"Global airlines face emergency, need rescue package now: IATA","The coronavirus pandemic could spell ""apocalypse"" in the airline industry without urgent government aid, the global aviation association said Tuesday, warning ...",2020-03-25T07:56:11Z,https://www.news.google.com/./articles/CAIiEMtOyoZFhbCTxeIt2nct-TwqGQgEKhAIACoHCAow7pf_CjDdlfgCMMOe6gU?hl=en-IN&gl=IN&ceid=IN%3Aen
24,Facing difficulties in running factories for production of essential items: HUL,India's largest consumer goods maker is the only one among peers that is still trading higher year-to-date even as stocks have tumbled as the Covid-19 ...,2020-03-25T03:38:46Z,https://www.news.google.com/./articles/CAIiEB7QJM4v1qrY4VhRY2FF0j4qGQgEKhAIACoHCAowqvSQCzD0nKUDMM3htQY?hl=en-IN&gl=IN&ceid=IN%3Aen
25,None,None,None,None
26,None,None,None,None
27,None,None,None,None
28,None,None,None,None
29,None,None,None,None
30,Market may see relief rally; Morgan Stanley cuts target of 3 stocks,"Morgan Stanley slashed earnings forecast for a third time after the virus outbreak which led to a cut in the Sensex target from 36,000 earlier to 32,000 in the base ...",2020-03-25T05:01:00Z,https://www.news.google.com/./articles/CBMilgFodHRwczovL3d3dy5tb25leWNvbnRyb2wuY29tL25ld3MvYnVzaW5lc3MvbWFya2V0cy9tb3JnYW4tc3RhbmxleS1jdXRzLXNlbnNleC10YXJnZXQtdG8tMzIwMDAtZm9yLXllYXItZW5kLTIwLXN0b2Nrcy1maWd1cmUtb24tZm9jdXMtbGlzdC01MDY4OTYxLmh0bWzSAZoBaHR0cHM6Ly93d3cubW9uZXljb250cm9sLmNvbS9uZXdzL2J1c2luZXNzL21hcmtldHMvbW9yZ2FuLXN0YW5sZXktY3V0cy1zZW5zZXgtdGFyZ2V0LXRvLTMyMDAwLWZvci15ZWFyLWVuZC0yMC1zdG9ja3MtZmlndXJlLW9uLWZvY3VzLWxpc3QtNTA2ODk2MS5odG1sL2FtcA?hl=en-IN&gl=IN&ceid=IN%3Aen
31,Coronavirus pandemic: Excise duty on petrol and diesel to be hiked,"The government has decided to raise excise duty on petrol and diesel significantly, by upto ₹8 per litre, to mobilise additional resources that would be required ...",2020-03-24T04:49:52Z,https://www.news.google.com/./articles/CBMijAFodHRwczovL2F1dG8uaGluZHVzdGFudGltZXMuY29tL2F1dG8vbmV3cy9jb3JvbmF2aXJ1cy1leGNpc2Utb24tZnVlbHMtbWF5LWdvLXVwLWJ5LXVwdG8tcnMtOC1wZXItbGl0cmUtdG8tZmlnaHQtY292aWQtMTktNDE1ODUwMjUxOTc1ODIuaHRtbNIBkAFodHRwczovL2F1dG8uaGluZHVzdGFudGltZXMuY29tL2F1dG8vbmV3cy9jb3JvbmF2aXJ1cy1leGNpc2Utb24tZnVlbHMtbWF5LWdvLXVwLWJ5LXVwdG8tcnMtOC1wZXItbGl0cmUtdG8tZmlnaHQtY292aWQtMTkvYW1wLTQxNTg1MDI1MTk3NTgyLmh0bWw?hl=en-IN&gl=IN&ceid=IN%3Aen
32,"#Coronavirus Impact: ICICI, HDFC, SBI Will Deliver Cash At Your Home (Find Out How?)","The correction in the markets, and especially in the banking setcor, has indeed been brutal. We have never seen this type of hammering in the large-cap names ...",2020-03-24T06:46:04Z,https://www.news.google.com/./articles/CAIiEOT4bdTXgTywXJsHn7Z43qYqGQgEKhAIACoHCAowsLXdCjCm3dEBMNS-swY?hl=en-IN&gl=IN&ceid=IN%3Aen
33,Tata HBX launch confirmed for FY2021,Tata will likely be launching as many as three new products in the coming months of 2020 and here we have listed them.,2020-03-25T03:00:00Z,https://www.news.google.com/./articles/CBMiS2h0dHBzOi8vZ2FhZGl3YWFkaS5jb20vdGF0YS1tb3RvcnMtdG8tbGF1bmNoLTMtbmV3LWNhcnMtdGhpcy15ZWFyLWluLWluZGlhL9IBT2h0dHBzOi8vZ2FhZGl3YWFkaS5jb20vdGF0YS1tb3RvcnMtdG8tbGF1bmNoLTMtbmV3LWNhcnMtdGhpcy15ZWFyLWluLWluZGlhL2FtcC8?hl=en-IN&gl=IN&ceid=IN%3Aen
34,"OYO offers free stay to doctors, nurses in US amid coronavirus crisis","NEW YORK: Ivanka Trump, the senior advisor to President Donald Trump, has lauded an initiative by Ritesh Agarwal-founded Indian start-up OYO Hotels to offer ...",2020-03-25T06:20:00Z,https://www.news.google.com/./articles/CBMiugFodHRwczovL2Vjb25vbWljdGltZXMuaW5kaWF0aW1lcy5jb20vbWFnYXppbmVzL3BhbmFjaGUvY29yb25hLWNyaXNpcy1veW8tb2ZmZXJzLWZyZWUtc3RheXMtdG8tZG9jdG9ycy1udXJzZXMtaW4tdXMtaXZhbmthLXRydW1wLXBheXRtLWJvc3MtYm93bGVkLW92ZXItYnktZ2VzdHVyZS9hcnRpY2xlc2hvdy83NDgwNDQ0NC5jbXPSAbUBaHR0cHM6Ly9tLmVjb25vbWljdGltZXMuY29tL21hZ2F6aW5lcy9wYW5hY2hlL2Nvcm9uYS1jcmlzaXMtb3lvLW9mZmVycy1mcmVlLXN0YXlzLXRvLWRvY3RvcnMtbnVyc2VzLWluLXVzLWl2YW5rYS10cnVtcC1wYXl0bS1ib3NzLWJvd2xlZC1vdmVyLWJ5LWdlc3R1cmUvYW1wX2FydGljbGVzaG93Lzc0ODA0NDQ0LmNtcw?hl=en-IN&gl=IN&ceid=IN%3Aen
35,Reserve Bank of India's US treasury holdings touch an all-time high at $164.3 billion,"In an interview with news agency PTI, Bimal Jalan, who served as the head of the Reserve Bank of India for a period of six years, said, “I don't think we should ...",2020-03-24T08:04:08Z,https://www.news.google.com/./articles/CAIiEOWqaY9MuDCZYdJXsLp_ZYgqGQgEKhAIACoHCAow55veCjDzvdUBMIPh5gU?hl=en-IN&gl=IN&ceid=IN%3Aen
36,Image of COVID-19 test kit shared as newly developed 'coronavirus vaccine' by Roche,"Fact Check of Coronavirus Vaccine: As the whole world has almost come to a standstill due to the outbreak of the coronavirus, a message, along with a picture, ...",2020-03-23T19:45:10Z,https://www.news.google.com/./articles/CAIiEMT3ywPEN-lXjtDWOllfPkkqGQgEKhAIACoHCAowwqP5CjDypeECMI6VwgU?hl=en-IN&gl=IN&ceid=IN%3Aen
37,Soon A Chaas From Coca-Cola,New Delhi: Beverage maker Coca-Cola on Tuesday said it has temporarily suspended production at its manufacturing facilities following the lockdown imposed ...,2020-03-24T15:18:10Z,https://www.news.google.com/./articles/CBMihgFodHRwczovL3d3dy5saXZlbWludC5jb20vY29tcGFuaWVzL25ld3MvY292aWQtMTktY29jYS1jb2xhLW5lc3RsZS1vdGhlci1iZXZlcmFnZS1tYWtlcnMtc3VzcGVuZC1wcm9kdWN0aW9uLWZvci1ub3ctMTE1ODUwNTkzNjc5ODkuaHRtbNIBigFodHRwczovL3d3dy5saXZlbWludC5jb20vY29tcGFuaWVzL25ld3MvY292aWQtMTktY29jYS1jb2xhLW5lc3RsZS1vdGhlci1iZXZlcmFnZS1tYWtlcnMtc3VzcGVuZC1wcm9kdWN0aW9uLWZvci1ub3cvYW1wLTExNTg1MDU5MzY3OTg5Lmh0bWw?hl=en-IN&gl=IN&ceid=IN%3Aen
38,"Amid 21-day nationwide lockdown, financial markets to continue functioning",Association of National Exchanges Members of India (ANMI) on March 23 requested capital market regulator SEBI to shut down stock exchanges if state ...,2020-03-24T08:22:00Z,https://www.news.google.com/./articles/CBMihAFodHRwczovL3d3dy5tb25leWNvbnRyb2wuY29tL25ld3MvdHJlbmRzL2FubWktcmVxdWVzdHMtc2ViaS10by1zaHV0LXN0b2NrLW1hcmtldC1pZi1zdGF0ZS1nb3Z0cy1kby1ub3Qtc3VwcG9ydC1zZXJ2aWNlcy01MDY2NTkxLmh0bWzSAYgBaHR0cHM6Ly93d3cubW9uZXljb250cm9sLmNvbS9uZXdzL3RyZW5kcy9hbm1pLXJlcXVlc3RzLXNlYmktdG8tc2h1dC1zdG9jay1tYXJrZXQtaWYtc3RhdGUtZ292dHMtZG8tbm90LXN1cHBvcnQtc2VydmljZXMtNTA2NjU5MS5odG1sL2FtcA?hl=en-IN&gl=IN&ceid=IN%3Aen
39,Fuel bunks in Kerala begin supply of BS-VI fuel,NEW DELHI : Petrol and diesel prices were left unchanged for the ninth consecutive day today by state-run fuel retailers as India entered into a 21-day ...,2020-03-25T03:27:00Z,https://www.news.google.com/./articles/CBMieGh0dHBzOi8vd3d3LmxpdmVtaW50LmNvbS9uZXdzL2luZGlhL3BldHJvbC1kaWVzZWwtcHJpY2UtdG9kYXktbm8tcmF0ZS1jdXQtZm9yLTktZGF5cy1kZW1hbmQtcGx1bW1ldHMtMTE1ODUxMDM2MjczMTAuaHRtbNIBfGh0dHBzOi8vd3d3LmxpdmVtaW50LmNvbS9uZXdzL2luZGlhL3BldHJvbC1kaWVzZWwtcHJpY2UtdG9kYXktbm8tcmF0ZS1jdXQtZm9yLTktZGF5cy1kZW1hbmQtcGx1bW1ldHMvYW1wLTExNTg1MTAzNjI3MzEwLmh0bWw?hl=en-IN&gl=IN&ceid=IN%3Aen
40,HUL share price jumps 6% after acquiring hygiene brand 'VWash' from Glenmark,"The FMCG major's market valuation rose by Rs 33817.07 crore to Rs 4,39188.07 crore.",2020-03-24T16:09:34Z,https://www.news.google.com/./articles/CAIiEOZ7MqPj_XBVcXZY1F9ZbeAqGQgEKhAIACoHCAow2pqGCzD954MDMJzyigY?hl=en-IN&gl=IN&ceid=IN%3Aen
41,Domestic flights suspended: Worried if you will get a refund? Check out what airlines are offering,Coronavirus Outbreak: IndiGo confirms no deduction of salaries or leaves of employees during domestic flight suspension,2020-03-24T11:27:00Z,https://www.news.google.com/./articles/CAIiEFbclW9sER-bkSWjAGv7mo4qGAgEKg8IACoHCAow5v6PATDrwA8wr93OBg?hl=en-IN&gl=IN&ceid=IN%3Aen
42,DPIIT Urges State Govts To Allow Ecommerce Deliver Essential Items,"BENGALURU: Delivery of essential items such as food, groceries and medical supplies, ordered by customers from ecommerce sites, has been disrupted even ...",2020-03-25T05:28:00Z,https://www.news.google.com/./articles/CBMiogFodHRwczovL2Vjb25vbWljdGltZXMuaW5kaWF0aW1lcy5jb20vc21hbGwtYml6L3N0YXJ0dXBzL25ld3NidXp6L2Rlc3BpdGUtZ292dC1jbGVhcmFuY2UtZWNvbW0tY29zLWZpbmQtaXQtZGlmZmljdWx0LXRvLWRlbGl2ZXItZXNzZW50aWFscy9hcnRpY2xlc2hvdy83NDgwMzAzNi5jbXPSAZ0BaHR0cHM6Ly9tLmVjb25vbWljdGltZXMuY29tL3NtYWxsLWJpei9zdGFydHVwcy9uZXdzYnV6ei9kZXNwaXRlLWdvdnQtY2xlYXJhbmNlLWVjb21tLWNvcy1maW5kLWl0LWRpZmZpY3VsdC10by1kZWxpdmVyLWVzc2VudGlhbHMvYW1wX2FydGljbGVzaG93Lzc0ODAzMDM2LmNtcw?hl=en-IN&gl=IN&ceid=IN%3Aen
43,Apple iPhone makers suspend India production due to coronavirus lockdown,The iPhone XR production might take a big hit this time now that India is in complete lockdown for next 21 days. (Apple),2020-03-25T00:28:43Z,https://www.news.google.com/./articles/CAIiEOJxQEZI76Q-VvLwspZrlokqFggEKg4IACoGCAoww7k_MMevCDCm4QE?hl=en-IN&gl=IN&ceid=IN%3Aen
44,Every second car to be electric globally in 2050: Study,"Electric cars produce less CO2 than petrol vehicles, study confirms",2020-03-24T09:35:38Z,https://www.news.google.com/./articles/CAIiEJ94f3pMvKdsIqUOk1se36oqGQgEKhAIACoHCAowlbCPCzCrzaIDMJXjrgY?hl=en-IN&gl=IN&ceid=IN%3Aen
45,None,None,None,None
46,"As flights get cancelled amid COVID-19 crisis, airlines wonder where to park aircraft - Republic World","Some airports, such as Melbourne and Brisbane, said they are providing parking for free. (File)",2020-03-24T10:11:34Z,https://www.news.google.com/./articles/CAIiEMtnRV_xLK0XmNierSlOgagqGQgEKhAIACoHCAowj8n_CjDIrfkCMNKc6AU?hl=en-IN&gl=IN&ceid=IN%3Aen
47,Maruti Suzuki temporarily shuts production at Gujarat plant,"On Sunday, Maruti Suzuki, Mahindra & Mahindra, Mercedes Benz and Fiat announced a halt to their production and other operations. Now, Toyota, Suzuki ...",2020-03-23T15:57:59Z,https://www.news.google.com/./articles/CBMiR2h0dHBzOi8vd3d3LnJ1c2hsYW5lLmNvbS9zaHV0LWRvd24tY2FyLXBsYW50LWNvcm9uYS12aXJ1cy0xMjM1Njk4OC5odG1s0gFLaHR0cHM6Ly93d3cucnVzaGxhbmUuY29tL3NodXQtZG93bi1jYXItcGxhbnQtY29yb25hLXZpcnVzLTEyMzU2OTg4Lmh0bWwvYW1w?hl=en-IN&gl=IN&ceid=IN%3Aen
48,"Mahindra Sold 93% Diesel Cars in 2019 - Scorpio, Bolero, XUV500",Mahindra has launched the BS6-ready Bolero in India.,2020-03-24T12:30:31Z,https://www.news.google.com/./articles/CBMidWh0dHBzOi8vd3d3Lm5ld3NieXRlc2FwcC5jb20vdGltZWxpbmUvQXV0by81OTA0Mi8yNzU1NzEvYnM2LW1haGluZHJhLWJvbGVyby1sYXVuY2hlZC1zcGVjcy1mZWF0dXJlcy1wZXJmb3JtYW5jZS1wcmljZdIBgAFodHRwczovL3d3dy5uZXdzYnl0ZXNhcHAuY29tL3RpbWVsaW5lL0F1dG8vNTkwNDIvMjc1NTcxL2JzNi1tYWhpbmRyYS1ib2xlcm8tbGF1bmNoZWQtc3BlY3MtZmVhdHVyZXMtcGVyZm9ybWFuY2UtcHJpY2UvYW1wL2dvb2dsZQ?hl=en-IN&gl=IN&ceid=IN%3Aen
49,Safal To Operate All Outlets At Full Capacity Amid Coronavirus Lockdown,"Coronavirus Outbreak: Mother Dairy says milk demand up 5-10%, facing no major supply disruptions amid lockdowns",2020-03-25T06:14:45Z,https://www.news.google.com/./articles/CAIiEPr10m7a9S-Sb8zq6t3SV7cqGAgEKg8IACoHCAow5v6PATDrwA8wr93OBg?hl=en-IN&gl=IN&ceid=IN%3Aen
50,None,None,None,None
51,None,None,None,None
52,Recession worse than global financial crisis imminent: IMF,"IMF Warns Coronavirus Recession Could be Worse Than 2009, Calls on Rich Nations to Support Poorer Ones",2020-03-24T02:54:15Z,https://www.news.google.com/./articles/CAIiEFPRRBlPuLQZAYIABS774goqGQgEKhAIACoHCAow5qqNCzD4q58DMJahzgY?hl=en-IN&gl=IN&ceid=IN%3Aen
53,"Coronavirus Impact: FMCG Firms Limit Operations Only to Essential Items, Adopt 'Work From Home'","NEW DELHII : The decision by fast-moving consumer goods (FMCG) companies to scale down operations at plants and warehouses, with the government ...",2020-03-24T18:38:21Z,https://www.news.google.com/./articles/CAIiECaCxZhQz922W-yWpKjDTbYqFggEKg4IACoGCAowxLQ_MNevCDDmph8?hl=en-IN&gl=IN&ceid=IN%3Aen
54,Gilead’s potential coronavirus treatment gets FDA’s orphan drug label,Photo for representational purpose. (Photo: Reuters),2020-03-25T01:03:16Z,https://www.news.google.com/./articles/CAIiELjoADyNtDvDsBlV-pQ7Gb4qGQgEKhAIACoHCAowot7cCjD8xM4BMK7khgI?hl=en-IN&gl=IN&ceid=IN%3Aen
55,'Unprecedented Collapse' in Business across Eurozone This Month as Nations Fight Coronavirus,"U.S. business activity contracted further in March, hitting a record low as the coronavirus pandemic depressed activity in both the manufacturing and services ...",2020-03-24T14:00:22Z,https://www.news.google.com/./articles/CAIiECnmBdoSyAAUanMuWo1G4d4qGQgEKhAIACoHCAow2pqGCzD954MDMNCRzgY?hl=en-IN&gl=IN&ceid=IN%3Aen
56,45% Of Kia Seltos Sales From BS6 Diesel Versions In 2019,Aditya Nadkarni,2020-03-24T05:36:46Z,https://www.news.google.com/./articles/CAIiELkNUvQLTBrDkvB5ZrNkKUYqMwgEKioIACIQKEE3OXg4IjLjNuXUacJmBCoUCAoiEChBNzl4OCIy4zbl1GnCZgQwqPDFBg?hl=en-IN&gl=IN&ceid=IN%3Aen
57,Coronavirus outbreak: Stock exchanges activate disaster recovery sites,The Centre has requested chief secretaries of all states to exempt services of SEBI-regulated stock market entities as well as related workforce from the purview ...,2020-03-23T14:56:43Z,https://www.news.google.com/./articles/CAIiEPd9xLHpOpCP7O610t6tlzkqGAgEKg8IACoHCAow5v6PATDrwA8wr93OBg?hl=en-IN&gl=IN&ceid=IN%3Aen
58,"Bitcoin Price Analysis: BTC/USD averts Coronavirus hostility, focuses on $7,000 psychological level","Bitcoin is yet to reach its yearly bottom, at least according to a recent Twitter poll. Despite surging with 80% since the March 13th low of $3700, the.",2020-03-24T09:01:03Z,https://www.news.google.com/./articles/CBMiTmh0dHBzOi8vY3J5cHRvcG90YXRvLmNvbS83MC1iZWxpdmUtYml0Y29pbi13aWxsLWJvdHRvbS1iZWxvdy0zNzAwLXN1cnZleS1zYXlzL9IBUmh0dHBzOi8vY3J5cHRvcG90YXRvLmNvbS83MC1iZWxpdmUtYml0Y29pbi13aWxsLWJvdHRvbS1iZWxvdy0zNzAwLXN1cnZleS1zYXlzLz9hbXA?hl=en-IN&gl=IN&ceid=IN%3Aen
59,The Fed: Avoiding a Depression,"With latest moves, Fed becomes creditor in chief for US business",2020-03-24T10:18:00Z,https://www.news.google.com/./articles/CAIiEH0430VM6_P2YueC0kJsVFsqGQgEKhAIACoHCAowlbCPCzCrzaIDMOjUrgY?hl=en-IN&gl=IN&ceid=IN%3Aen
60,Coronavirus | TRAI to study telcos demand seeking extra spectrum to handle rise in data: Report,"Trying to offer their own little contribution to the ongoing coronavirus pandemic crisis, telecom companies in India have suggested that the customers be allowed ...",2020-03-24T17:48:25Z,https://www.news.google.com/./articles/CBMicWh0dHBzOi8vd3d3LnRoZW5ld3NtaW51dGUuY29tL2FydGljbGUvdGVsY29zLXdyaXRlLWRvdC10cmFpLXN1Z2dlc3RpbmctZnJlZS1hY2Nlc3MtdXNlcnMtY3JpdGljYWwtd2Vic2l0ZXMtMTIxMDU10gF1aHR0cHM6Ly93d3cudGhlbmV3c21pbnV0ZS5jb20vYXJ0aWNsZS90ZWxjb3Mtd3JpdGUtZG90LXRyYWktc3VnZ2VzdGluZy1mcmVlLWFjY2Vzcy11c2Vycy1jcml0aWNhbC13ZWJzaXRlcy0xMjEwNTU_YW1w?hl=en-IN&gl=IN&ceid=IN%3Aen
61,White House puts American supercomputers to work on Covid-19,"The U.S. government, International Business Machines Corp. and others are giving researchers world-wide access to at least 16 supercomputers to help speed ...",2020-03-23T09:39:14Z,https://www.news.google.com/./articles/CBMieWh0dHBzOi8vd3d3LmxpdmVtaW50LmNvbS9uZXdzL3dvcmxkL2luLWJpZC1mb3ItY29yb25hdmlydXMtdmFjY2luZS11LXMtZWFzZXMtYWNjZXNzLXRvLXN1cGVyY29tcHV0ZXJzLTExNTg0OTU1NTcyNDQ3Lmh0bWzSAX1odHRwczovL3d3dy5saXZlbWludC5jb20vbmV3cy93b3JsZC9pbi1iaWQtZm9yLWNvcm9uYXZpcnVzLXZhY2NpbmUtdS1zLWVhc2VzLWFjY2Vzcy10by1zdXBlcmNvbXB1dGVycy9hbXAtMTE1ODQ5NTU1NzI0NDcuaHRtbA?hl=en-IN&gl=IN&ceid=IN%3Aen
62,"Moody's downgrades ONGC's rating, outlook negative","Moody's downgrades ONGC rating on uncertain oil prices, govt guidelines on dividend",2020-03-24T12:15:03Z,https://www.news.google.com/./articles/CAIiEPdeWq25Fxh87X-q2IckgNAqGQgEKhAIACoHCAowlbCPCzCrzaIDMOjUrgY?hl=en-IN&gl=IN&ceid=IN%3Aen
63,"""Here's The Ocean, Everybody"": Virtual Tourism In Virus-Hit California","A Virtual Beach Day: As Coronavirus Slumps Tourism in California, Operators Go Online",2020-03-25T04:54:19Z,https://www.news.google.com/./articles/CAIiEOqz7V_C00LYABpvYWwmAMMqGQgEKhAIACoHCAow5qqNCzD4q58DMJahzgY?hl=en-IN&gl=IN&ceid=IN%3Aen
64,Ford Motor CEO on shifting production from cars to ventilators,"Ford joins GE, 3M in speeding up ventilator, respirator production",2020-03-25T08:02:51Z,https://www.news.google.com/./articles/CAIiED11wrmmajENIzRUx2JFZTAqGQgEKhAIACoHCAowlbCPCzCrzaIDMJXjrgY?hl=en-IN&gl=IN&ceid=IN%3Aen
65,Forex - Dollar Retreats After Fed Package; Sterling Strengthens,A deep dollar crisis is looming and coronavirus pandemic cannot be blamed for it,2020-03-24T17:05:00Z,https://www.news.google.com/./articles/CAIiEPdX5_gqDyc1lmTvlJ0pUQ4qGQgEKhAIACoHCAowlbCPCzCrzaIDMLL1zQY?hl=en-IN&gl=IN&ceid=IN%3Aen
66,"Reliance Jio offers free broadband, double data amid Covid-19 lockdown",File photo for representation.,2020-03-23T15:34:13Z,https://www.news.google.com/./articles/CAIiEDc8E4RHenvPJpP2SCkO_Z8qGQgEKhAIACoHCAowyo-HCzD-tIUDMLTYlgY?hl=en-IN&gl=IN&ceid=IN%3Aen
67,"Coronavirus: Xiaomi, Realme, Vivo shut plants amid India lockdown","Samsung is forced to temporarily close a second factory due to the COVID-19 outbreak - this time the plant in Noida, Uttar Pradesh. It was opened in the summer ...",2020-03-23T10:22:02Z,https://www.news.google.com/./articles/CBMiYmh0dHBzOi8vd3d3LmdzbWFyZW5hLmNvbS9zYW1zdW5nX3RlbXBvcmFyaWx5X2Nsb3Nlc19pdHNfc21hcnRwaG9uZV9mYWN0b3J5X2luX2luZGlhLW5ld3MtNDIxNzIucGhw0gFfaHR0cHM6Ly9tLmdzbWFyZW5hLmNvbS9zYW1zdW5nX3RlbXBvcmFyaWx5X2Nsb3Nlc19pdHNfc21hcnRwaG9uZV9mYWN0b3J5X2luX2luZGlhLWFtcC00MjE3Mi5waHA?hl=en-IN&gl=IN&ceid=IN%3Aen
68,Latest information on COVID-19 crisis,"Google's information website for the novel coronavirus went live over the weekend, featuring handy information about the COVID-19 pandemic. The site isn't the ...",2020-03-23T11:51:30Z,https://www.news.google.com/./articles/CAIiELLlivbGbq-u55Qr0-xpFgwqFggEKg4IACoGCAowl7gmMPL_BTDy-ws?hl=en-IN&gl=IN&ceid=IN%3Aen
69,None,None,None,None
70,Indian online grocer BigBasket acquires milk delivery startup DailyNinja,Online grocery delivery startup Bigbasket on Monday said that it has acquired 100% stake in Bengaluru-based milk delivery app DailyNinja. The online grocery ...,2020-03-24T10:15:04Z,https://www.news.google.com/./articles/CBMidWh0dHBzOi8vd3d3LmxpdmVtaW50LmNvbS9jb21wYW5pZXMvc3RhcnQtdXBzL2JpZ2Jhc2tldC1hY3F1aXJlcy1iZW5nYWx1cnUtYmFzZWQtbWlsay1kZWxpdmVyeS1hcHAtMTE1ODUwNDM3NjA0MzUuaHRtbNIBeWh0dHBzOi8vd3d3LmxpdmVtaW50LmNvbS9jb21wYW5pZXMvc3RhcnQtdXBzL2JpZ2Jhc2tldC1hY3F1aXJlcy1iZW5nYWx1cnUtYmFzZWQtbWlsay1kZWxpdmVyeS1hcHAvYW1wLTExNTg1MDQzNzYwNDM1Lmh0bWw?hl=en-IN&gl=IN&ceid=IN%3Aen
